,index,title,score
0,0,The Mummy: Tomb of the Dragon Emperor,31
1,0,The Incredible Hulk,61
2,0,The Amazing Spider-Man 2,53
3,0,The Dark Knight,84
4,0,The Forbidden Kingdom,57
5,0,Captain America: The First Avenger,66
6,0,Pirates of the Caribbean: On Stranger Tides,45
7,0,Indiana Jones and the Kingdom of the Crystal Skull,65
8,0,The Proposal,48
9,0,X-Men Origins: Wolverine,40
10,0,The Chronicles of Narnia: Prince Caspian,62
11,0,The Curious Case of Benjamin Button,70
12,0,Valkyrie,56
13,0,Scary Movie 5,11
14,0,Leatherheads,56
15,0,Iron Man,79
16,0,The Karate Kid,60
17,0,Changeling,63
18,0,Burn After Reading,63
19,0,27 Dresses,47
20,0,Sex and the City,53
21,0,My Sister's Keeper,51
22,0,Australia,53
23,0,Tropic Thunder,71
24,0,Meet the Spartans,9
25,0,Oh Lucy!,69
26,0,Speed Racer,37
27,0,The Lovely Bones,42
28,0,Untraceable,32
29,0,The Spiderwick Chronicles,62
30,0,Ice Age: Dawn of the Dinosaurs,50
31,0,211,21
32,0,Jumper,35
33,0,10 Cloverfield Lane,76
34,0,The Reader,58
35,0,Baby Mama,55
36,0,Only Yesterday (1991),90
37,0,Vantage Point,40
38,0,Fool's Gold,29
39,0,Transformers: Revenge of the Fallen,35
40,0,The Happening,34
41,0,The Bank Job,69
42,0,Abominable,31
43,0,Forgetting Sarah Marshall,67
44,0,Hancock,49
45,0,Kung Fu Panda,73
46,0,What Happens in Vegas,36
47,0,Wanted,64
48,0,He's Just Not That Into You,47
,,,
50,0,Eyes Wide Shut,68
51,0,Iron Man 2,57
52,0,Toy Story 3,92
53,0,The Chronicles of Narnia: The Voyage of the Dawn Treader,53
54,0,The Brothers Grimsby,44
55,0,The Sisterhood of the Traveling Pants 2,63
56,0,The Last Airbender,20
57,0,Yes Man,46
58,0,The Ides of March,67
59,0,Bedtime Stories,33
60,0,Call Me by Your Name,93
61,0,Twilight,56
62,0,How to Train Your Dragon,75
63,0,Zack and Miri Make a Porno,56
64,0,Prince of Persia: The Sands of Time,50
65,0,Milk,84
66,0,The Princess and the Frog,73
67,0,The Men Who Stare at Goats,54
68,0,Fantastic Four,27
69,0,Bride Wars,24
70,0,Sherlock Holmes,57
71,0,The Tale of Despereaux,53
72,0,Nim's Island,55
73,0,Death Race,43
74,0,Thoroughbreds,75
75,0,No Escape,38
76,0,Madagascar: Escape 2 Africa,61
77,0,Hellboy II: The Golden Army,78
78,0,Quantum of Solace,58
79,0,Shrek Forever After,58
80,0,You Don't Mess with the Zohan,54
81,0,Pineapple Express,64
82,0,Made of Honor,37
83,0,Shutter Island,63
84,0,The Informant!,66
85,0,Seven Pounds,36
86,0,Public Enemies,70
87,0,Space Chimps,36
88,0,High School Musical 3: Senior Year,57
89,0,Get Smart,54
90,0,Journey to the Center of the Earth,57
91,0,Step Brothers,51
92,0,Nobody's Fool,39
93,0,The Green Inferno,38
94,0,Body of Lies,57
95,0,Star Wars: The Clone Wars,35
96,0,Saw V,20
97,0,Nick and Norah's Infinite Playlist,64
98,0,The Strangers: Prey at Night,48
99,0,Slumdog Millionaire,86
100,0,The Love Guru,24
101,0,Four Christmases,41
102,0,Underworld: Rise of the Lycans,44
103,0,The House Bunny,55
104,0,The Secret Life of Bees,57
105,0,Watchmen,56
106,0,Gran Torino,72
107,0,Edge of Darkness,55
108,0,Robin Hood,32
109,0,Max Payne,31
110,0,Angels & Demons,48
111,0,Mamma Mia! Here We Go Again,60
112,0,Lakeview Terrace,47
113,0,Knowing,41
114,0,9,60
115,0,Righteous Kill,36
116,0,Transporter 3,51
117,0,When in Rome,25
118,0,Bolt,67
119,0,Mirrors,35
120,0,Beverly Hills Chihuahua,41
121,0,Star Trek Beyond,68
122,0,"Welcome Home, Roscoe Jenkins",46
123,0,Quarantine,53
124,0,Precious: Based on the Novel 'Push' by Sapphire,79
125,0,Fireproof,28
126,0,Coraline,80
127,0,G.I. Joe: The Rise of Cobra,32
128,0,Vice,61
129,0,The Lord of the Rings: The Return of the King,94
130,0,Hotel for Dogs,51
131,0,2012,49
132,0,Doctor Strange,72
133,0,Set It Up,62
134,0,Hot Pursuit,31
135,0,Role Models,61
136,0,The BFG,66
137,0,Turbo Kid,60
138,0,Mrs. Doubtfire,53
139,0,Defiance,58
140,0,Mother's Day,18
141,0,True Grit,80
142,0,Paul Blart: Mall Cop 2,13
143,0,Inglourious Basterds,69
144,0,Alice Through the Looking Glass,34
145,0,"I Love You, Man",70
146,0,Wonder Woman,76
147,0,The Soloist,61
148,0,Planet 51,39
149,0,Duplicity,69
150,0,Drag Me to Hell,83
151,0,State of Play,64
152,0,Obsessed,25
153,0,The Woman in Black,62
154,0,District 9,81
155,0,Dunkirk,94
156,0,The Twilight Saga: New Moon,44
157,0,Land of the Lost,32
158,0,17 Again,48
159,0,Year One,34
160,0,Where the Wild Things Are,71
161,0,The Foreigner,55
162,0,Surrogates,45
163,0,The Haunting in Connecticut,33
164,0,The Hangover,73
165,0,The Adventures of Tintin,68
166,0,Night at the Museum: Battle of the Smithsonian,42
167,0,Project X,48
168,0,Zombieland,73
169,0,G-Force,41
170,0,Couples Retreat,23
171,0,The Ugly Truth,28
172,0,The Taking of Pelham 1 2 3,55
173,0,Confessions of a Shopaholic,38
174,0,Funny People,60
175,0,The Book of Eli,53
176,0,The Prodigy,45
177,0,Orphan,42
178,0,Despicable Me 3,49
179,0,Saw VI,30
180,0,(500) Days of Summer,76
181,0,Avatar,83
182,0,Hope Springs,65
183,0,Dance Flick,40
184,0,Final Destination 5,50
185,0,Neighbors 2: Sorority Rising,58
186,0,Ninja Assassin,34
187,0,Cloudy with a Chance of Meatballs,66
188,0,It's Complicated,57
189,0,Up in the Air,83
190,0,Law Abiding Citizen,34
191,0,Coco,81
192,0,The Fourth Kind,34
193,0,Scott Pilgrim vs. the World,69
194,0,Dear John,43
195,0,Invictus,74
196,0,The Blind Side,53
197,0,Green Zone,63
198,0,The Cabin in the Woods,72
199,0,Takers,45
200,0,Old Dogs,19
201,0,Tooth Fairy,36
202,0,Alvin and the Chipmunks: The Squeakquel,41
203,0,Hot Tub Time Machine,63
204,0,Jigsaw,39
205,0,Sucker Punch,33
206,0,The Twilight Saga: Eclipse,58
207,0,Into the Woods,69
208,0,Kick-Ass 2,41
209,0,Cop Out,31
210,0,All About Steve,17
211,0,The Time Traveler's Wife,47
212,0,Crazy Heart,83
213,0,Frozen,74
214,0,Unstoppable,69
215,0,Machete Kills,41
216,0,Inception,74
217,0,The American,61
218,0,A Tale of Two Sisters,65
219,0,The Bounty Hunter,22
220,0,Julie & Julia,66
221,0,The Other Guys,64
222,0,The Sorcerer's Apprentice,46
223,0,Paranormal Activity,68
224,0,Small Town Crime,68
225,0,Red Riding Hood,29
226,0,Safe House,52
227,0,The Expendables 3,35
228,0,American Animals,68
229,0,A Wrinkle in Time,53
230,0,I Hate Valentine's Day,17
231,0,Morning Glory,57
232,0,Salt,65
233,0,Get Him to the Greek,65
234,0,Frankenweenie,74
235,0,The Crazies,55
236,0,Predators,51
237,0,Rio,63
238,0,Wall Street: Money Never Sleeps,59
239,0,Braven,61
240,0,She's Out of My League,46
241,0,Letters to Juliet,50
242,0,Natural Born Killers,74
243,0,The Social Network,95
244,0,The Back-up Plan,34
245,0,The Accountant,51
246,0,Date Night,56
247,0,Resident Evil: Afterlife,37
248,0,Sex and the City 2,27
249,0,The Adjustment Bureau,60
250,0,Charlie St. Cloud,37
251,0,Immortals,46
252,0,Super 8,72
253,0,Marmaduke,30
254,0,Megamind,63
255,0,Eat Pray Love,50
256,0,The Tourist,37
257,0,Grown Ups 2,19
258,0,Skyfall,81
259,0,Dinner for Schmucks,56
260,0,Little Fockers,27
261,0,Gulliver's Travels,33
262,0,The Last Exorcism,63
263,0,Team America: World Police,64
264,0,Contagion,70
265,0,Tangled,71
266,0,"Big Mommas: Like Father, Like Son",22
267,0,Transformers: Dark of the Moon,42
268,0,Secretariat,61
269,0,The Night Before,58
270,0,Cats & Dogs: The Revenge of Kitty Galore,30
271,0,Easy A,72
272,0,The Zookeeper's Wife,57
273,0,Real Steel,56
274,0,Vampires Suck,18
275,0,The Sitter,39
276,0,The Green Hornet,39
277,0,The Secret Life of Walter Mitty,54
278,0,Scream 4,52
279,0,Paranormal Activity 2,53
280,0,Legend of the Guardians: The Owls of Ga'Hoole,53
281,0,Yogi Bear,35
282,0,Saw 3D,24
283,0,Due Date,51
284,0,Black Swan,79
285,0,How Do You Know,46
286,0,Soul Surfer,53
287,0,No Strings Attached,50
288,0,Smurfs: The Lost Village,40
289,0,"Paul, Apostle of Christ",52
290,0,The Switch,52
291,0,The Boy Next Door,30
292,0,Hugo,83
293,0,Devil's Gate,37
294,0,The Dilemma,46
295,0,Burlesque,47
296,0,The Sweet Hereafter,91
297,0,Watchmen,56
298,0,Skyscraper,51
299,0,Battleship,41
300,0,The Gambler,55
301,0,The King's Speech,88
302,0,Rango,75
303,0,The Hangover Part III,30
304,0,A Good Day to Die Hard,28
305,0,Battle: Los Angeles,37
306,0,Source Code,74
307,0,Green Lantern,39
308,0,The Fighter,79
309,0,I Am Number Four,36
310,0,Peppermint,29
311,0,Moana,81
312,0,Cars 2,57
313,0,Dracula Untold,40
314,0,Gravity,96
315,0,Kung Fu Panda 2,67
316,0,The Dark Knight Rises,78
317,0,The Rite,38
318,0,Independence Day: Resurgence,32
319,0,The Hobbit: An Unexpected Journey,58
320,0,Something Borrowed,36
321,0,Man of Steel,55
322,0,The Bourne Legacy,61
323,0,John Carter,51
,,,
325,0,Cowboys & Aliens,50
326,0,The Help,62
327,0,The Roommate,23
328,0,Hall Pass,45
329,0,The Change-Up,39
330,0,Once Upon a Time ... in Hollywood,83
331,0,The Judge,48
332,0,Oblivion,54
333,0,R.I.P.D.,25
334,0,The Croods,55
335,0,Fast Five,66
336,0,Super Troopers 2,41
337,0,Limitless,59
338,0,Friends with Benefits,63
339,0,Inside Out,94
340,0,X-Men: First Class,65
341,0,The Lincoln Lawyer,63
342,0,Star Wars: Episode IV - A New Hope,90
343,0,Final Destination 5,50
344,0,Bad Teacher,47
345,0,Bridesmaids,75
346,0,Justin Bieber: Never Say Never,52
347,0,Elysium,61
348,0,Star Trek Into Darkness,72
349,0,Alvin and the Chipmunks: Chipwrecked,24
350,0,"Crazy, Stupid, Love",68
351,0,That's My Boy,31
352,0,Horrible Bosses,57
353,0,Ice Age: Continental Drift,49
354,0,War Horse,72
355,0,Water for Elephants,52
356,0,The Hobbit: The Desolation of Smaug,66
357,0,The Lone Ranger,37
358,0,Hanna,65
359,0,Kick-Ass 2,41
360,0,Mission: Impossible - Ghost Protocol,73
361,0,Overlord,60
362,0,Mr. Popper's Penguins,53
363,0,Jumping the Broom,56
364,0,Larry Crowne,41
365,0,Spy Kids: All the Time in the World,37
366,0,Wrath of the Titans,37
367,0,Looper,84
368,0,Moneyball,87
369,0,Midnight in Paris,81
370,0,Snow White and the Huntsman,57
371,0,This Means War,31
372,0,30 Minutes or Less,49
373,0,Dark Shadows,55
374,0,Sherlock Holmes: A Game of Shadows,48
375,0,Tower Heist,59
376,0,Dolphin Tale,64
377,0,New Year's Eve,22
378,0,Joy,56
379,0,Rise of the Planet of the Apes,68
380,0,Extremely Loud and Incredibly Close,46
381,0,SPECTRE,60
382,0,Iron Man 3,62
383,0,Colombiana,45
384,0,Think Like a Man,51
385,0,Grudge Match,35
386,0,Like a Boss,32
387,0,Mirror Mirror,46
388,0,Monsters University,65
389,0,47 Ronin,28
390,0,Django Unchained,81
391,0,Wind River,73
392,0,Argo,86
393,0,The Descendants,84
394,0,Happy Feet Two,50
395,0,Risen,51
396,0,Pacific Rim: Uprising,44
397,0,Aquaman,55
398,0,Prometheus,64
399,0,The Muppets,75
400,0,American Reunion,49
401,0,Sing,59
402,0,The Iron Lady,54
403,0,World War Z,63
404,0,Courageous,42
405,0,Paranormal Activity 3,59
406,0,The Hunger Games,68
407,0,The Vow,43
408,0,Lincoln,86
409,0,Journey 2: The Mysterious Island,41
410,0,X-Men Origins: Wolverine,40
411,0,Resident Evil: Retribution,39
412,0,The Visit,55
413,0,Abraham Lincoln: Vampire Hunter,42
414,0,The Expendables 2,51
415,0,Warcraft,32
416,0,G.I. Joe: Retaliation,41
417,0,Percy Jackson: Sea of Monsters,39
418,0,12 Years a Slave,96
419,0,Red Tails,46
420,0,We Bought a Zoo,58
421,0,Jack Reacher: Never Go Back,47
422,0,Fifty Shades of Grey,46
423,0,Act of Valor,40
424,0,The Five-Year Engagement,62
425,0,Jack and Jill,23
426,0,Now You See Me,50
427,0,The Disaster Artist,76
428,0,The Devil Inside,18
429,0,The Three Stooges,56
430,0,Mad Max: Fury Road,90
431,0,Contraband,51
432,0,Thor: The Dark World,54
433,0,Jupiter Ascending,40
434,0,End of Watch,68
435,0,What to Expect When You're Expecting,41
436,0,Dear Dictator,44
437,0,The Lucky One,39
438,0,Bill & Ted's Excellent Adventure,44
439,0,Magic Mike,72
440,0,Walking with Dinosaurs,37
441,0,ParaNorman,72
442,0,Ender's Game,51
443,0,The Smurfs 2,34
444,0,The Campaign,50
445,0,Miss Bala,79
446,0,Rock of Ages,47
447,0,Lawless,58
448,0,Rise of the Guardians,58
449,0,Puss in Boots,65
450,0,Hotel Transylvania 3: Summer Vacation,54
451,0,Gangster Squad,40
452,0,After Earth,33
453,0,Taken 2,45
454,0,Warm Bodies,60
455,0,Silver Linings Playbook,81
456,0,Jack the Giant Slayer,51
457,0,Sinister,53
458,0,It,69
459,0,Moonrise Kingdom,84
460,0,Madagascar 3: Europe's Most Wanted,60
461,0,Mr. Peabody & Sherman,59
462,0,How to Train Your Dragon 2,76
463,0,Wreck-It Ralph,72
464,0,The Revenant,76
465,0,Boyhood,100
466,0,Black Panther,88
467,0,Fast & Furious 6,61
468,0,Paranormal Activity 4,40
469,0,The Guilt Trip,50
470,0,J. Edgar,59
471,0,Riddick,49
472,0,Life of Pi,79
473,0,Noah,68
474,0,Step Up Revolution,43
475,0,This Is 40,59
476,0,Despicable Me 2,62
477,0,Black Panther,88
478,0,Zero Dark Thirty,95
479,0,The Possession,45
480,0,Avengers: Age of Ultron,66
481,0,Bridget Jones's Baby,59
482,0,Parental Guidance,36
483,0,Transformers: Age Of Extinction,32
484,0,The Amazing Spider-Man 2,53
485,0,The Wolf of Wall Street,75
486,0,Dumb and Dumber,41
487,0,Captain America: The Winter Soldier,70
488,0,The Forest,34
489,0,Grown Ups 2,19
490,0,Pirates of the Caribbean: At World's End,50
491,0,Safe Haven,34
492,0,Ant-Man and the Wasp,70
493,0,The Hunger Games: Catching Fire,76
494,0,Blumhouse's Truth or Dare,35
495,0,Anchorman 2: The Legend Continues,61
496,0,The Hangover Part III,30
497,0,The Good Dinosaur,66
498,0,Cloudy with a Chance of Meatballs 2,59
499,0,Identity Thief,35
500,0,42,62
501,0,The Internship,42
502,0,The Grand Budapest Hotel,88
503,0,Olympus Has Fallen,41
504,0,Assassin's Creed,36
505,0,Guardians of the Galaxy,76
506,0,The Mortal Instruments: City of Bones,33
507,0,The Hobbit: The Battle of the Five Armies,59
508,0,Dawn of the Planet of the Apes,79
509,0,Captain Phillips,83
510,0,Mark Felt: The Man Who Brought Down the White House,49
511,0,Captain Underpants: The First Epic Movie,69
512,0,When the Bough Breaks,28
513,0,Finding Dory,77
514,0,Alien: Covenant,65
515,0,The Dark Tower,34
516,0,Pitch Perfect 3,40
517,0,Get Out,84
518,0,Sicario: Day of the Soldado,61
519,0,X-Men: Days of Future Past,75
520,0,Home Again,41
521,0,The Hunger Games: Mockingjay - Part 1,64
522,0,2 Guns,55
523,0,The Hunger Games: Mockingjay - Part 2,65
524,0,Pixels,27
525,0,Smurfs: The Lost Village,40
526,0,The Expendables 3,35
527,0,Snitch,51
528,0,Need For Speed,39
529,0,Last Vegas,48
530,0,We're the Millers,44
531,0,Y Tu Mamá También,88
532,0,Black Mass,68
533,0,Jack Ryan: Shadow Recruit,57
534,0,The Conjuring,68
535,0,Jurassic World,59
536,0,Trolls,56
537,0,Kung Fu Panda 3,66
538,0,Prisoners,74
539,0,Muppets Most Wanted,61
540,0,Star Wars: Episode VII - The Force Awakens,81
541,0,Saving Mr. Banks,65
542,0,Edge of Tomorrow,71
543,0,The Best Man Holiday,59
544,0,A Haunted House 2,17
545,0,Interstellar,74
546,0,Ouija: Origin of Evil,65
547,0,Delivery Man,44
548,0,Planes,39
549,0,Exodus: Gods and Kings,52
550,0,The Finest Hours,58
551,0,The Monuments Men,52
552,0,Oculus,61
553,0,August: Osage County,58
554,0,Dallas Buyers Club,84
555,0,Heat,76
556,0,Hotel Transylvania 2,44
557,0,Blue Jasmine,78
558,0,American Hustle,90
559,0,Justice League,45
560,0,A Walk Among the Tombstones,57
561,0,How to Train Your Dragon: The Hidden World,71
562,0,Furious 7,67
563,0,Tomorrowland,60
564,0,Snatched,45
565,0,Pirates of the Caribbean: Dead Men Tell No Tales,39
566,0,The Equalizer,57
567,0,Rio 2,49
568,0,The Boxtrolls,61
569,0,Mission: Impossible - Rogue Nation,75
570,0,Free Birds,38
571,0,Big Hero 6,74
572,0,American Sniper,72
573,0,The Angry Birds Movie,43
574,0,The First Purge,54
575,0,Ride Along 2,32
576,0,Night at the Museum: Secret of the Tomb,47
577,0,A Million Ways to Die in the West,44
578,0,Think Like a Man Too,38
579,0,Star Wars: Episode VIII - The Last Jedi,85
580,0,The Lazarus Effect,31
581,0,22 Jump Street,71
582,0,Star Trek Beyond,68
583,0,Let's Be Cops,30
584,0,Lone Survivor,60
585,0,Brooklyn,88
586,0,Entourage,38
587,0,3 Days to Kill,40
588,0,Suicide Squad,40
589,0,Maze Runner: The Death Cure,50
590,0,Nerve,58
591,0,In the Heart of the Sea,47
592,0,Draft Day,54
593,0,Gods of Egypt,25
594,0,The Imitation Game,73
595,0,Million Dollar Arm,56
596,0,Chappie,41
597,0,Gone Girl,79
598,0,Philomena,77
599,0,Fifty Shades of Grey,46
600,0,Jackass Presents: Bad Grandpa,54
601,0,Batman v Superman: Dawn of Justice,44
602,0,Crimson Peak,66
603,0,Jersey Boys,54
604,0,Southpaw,57
605,0,Fist Fight,37
606,0,That Awkward Moment,36
607,0,Planes: Fire & Rescue,48
608,0,Ted 2,48
609,0,Birdman or (The Unexpected Virtue of Ignorance),87
610,0,Aloha,40
611,0,Minions,56
612,0,Chef,68
613,0,The Giver,47
614,0,Sausage Party,66
615,0,"Alexander and the Terrible, Horrible, No Good, Very Bad Day",54
616,0,Non-Stop,56
617,0,Dolphin Tale 2,58
618,0,Tammy,39
619,0,Sex Tape,36
620,0,Horrible Bosses 2,40
621,0,Unbroken,59
622,0,Paranormal Activity: The Marked Ones,42
623,0,Us,81
624,0,Project Almanac,47
625,0,A Walk in the Woods,51
626,0,The Nut Job 2: Nutty by Nature,36
627,0,The Hundred-Foot Journey,55
628,0,The Longest Ride,33
629,0,When the Game Stands Tall,41
630,0,The SpongeBob Movie: Sponge Out of Water,62
631,0,Blended,31
632,0,Heaven Is for Real,47
633,0,Son of God,37
634,0,Searching,71
635,0,The Purge: Anarchy,50
636,0,Run All Night,59
637,0,Lights Out,58
638,0,St. Vincent,64
639,0,Nightcrawler,76
640,0,The Best of Me,29
641,0,Earth to Echo,53
642,0,John Wick,68
643,0,Hitman: Agent 47,28
644,0,The Catcher Was a Spy,49
645,0,The Peanuts Movie,67
646,0,Arrival,81
647,0,Alpha,63
648,0,The Wedding Ringer,35
649,0,Paul Blart: Mall Cop 2,13
650,0,Annabelle: Creation,62
651,0,War Dogs,57
652,0,The Mule,57
653,0,X-Men: Apocalypse,52
654,0,Pitch Perfect 2,63
655,0,San Andreas,43
656,0,How to Be Single,51
657,0,Get Hard,34
658,0,God's Not Dead: A Light in Darkness,33
659,0,The Theory of Everything,72
660,0,The Conjuring 2,65
661,0,Goosebumps,60
662,0,Ralph Breaks the Internet,71
663,0,Magic Mike XXL,60
664,0,Cars 3,59
665,0,Incredibles 2,80
666,0,London Has Fallen,28
667,0,Zootopia,78
668,0,The Legend of Tarzan,44
669,0,Ex Machina,78
670,0,Ad Astra,80
671,0,If I Stay,46
672,0,The Hateful Eight,68
673,0,Selma,87
674,0,"Hail, Caesar!",72
675,0,Penguins of Madagascar,53
676,0,The Second Best Exotic Marigold Hotel,51
677,0,Captain Underpants: The First Epic Movie,69
678,0,Trainwreck,75
679,0,Captain America: Civil War,75
680,0,The Last Witch Hunter,34
681,0,The DUFF,56
682,0,Ricki and the Flash,54
683,0,Geostorm,21
684,0,Daddy's Home 2,30
685,0,Gifted,60
686,0,Unfriended: Dark Web,53
687,0,Krampus,49
688,0,Don't Breathe,71
689,0,Sinister 2,32
690,0,Paper Towns,56
691,0,Thor: Ragnarok,74
692,0,The Nice Guys,70
693,0,Now You See Me 2,46
694,0,Guardians of the Galaxy Vol. 2,67
695,0,The Mountain Between Us,48
696,0,Miss Peregrine's Home for Peculiar Children,57
697,0,The Martian,80
698,0,Maze Runner: The Scorch Trials,43
699,0,Ice Age: Collision Course,34
700,0,King Arthur: Legend of the Sword,41
701,0,Dirty Grandpa,21
702,0,War for the Planet of the Apes,82
703,0,Bridge of Spies,81
704,0,Widows,84
705,0,Me Before You,51
706,0,Shazam!,71
707,0,The Bye Bye Man,37
708,0,Once Upon a Deadpool,53
709,0,Avengers: Endgame,78
710,0,Avengers: Infinity War,68
711,0,The 5th Wave,33
712,0,My Big Fat Greek Wedding 2,37
713,0,Kong: Skull Island,62
714,0,Toy Story 4,84
715,0,The Huntsman: Winter's War,35
716,0,The Age of Adaline,51
717,0,The Perfect Guy,36
718,0,Deepwater Horizon,68
719,0,Money Monster,55
720,0,Downsizing,63
721,0,Annihilation,79
722,0,13 Hours: The Secret Soldiers of Benghazi,48
723,0,Central Intelligence,52
724,0,The Gallows,30
725,0,Woman in Gold,51
726,0,Spotlight,93
727,0,Ride Along 2,32
728,0,Teenage Mutant Ninja Turtles: Out of the Shadows,40
729,0,The Boss Baby,50
730,0,Kubo and the Two Strings,84
731,0,Dark Phoenix,43
732,0,Assassin's Creed,36
733,0,Florence Foster Jenkins,71
734,0,Hotel Transylvania 3: Summer Vacation,54
735,0,Spider-Man: Homecoming,73
736,0,La La Land,93
737,0,Hacksaw Ridge,71
738,0,The Greatest Showman,48
739,0,10 Cloverfield Lane,76
740,0,The Big Short,81
741,0,The Purge: Election Year,55
742,0,War Room,26
743,0,Mary and The Witch's Flower,75
744,0,The Shallows,59
745,0,Mike and Dave Need Wedding Dates,51
746,0,Zoolander 2,34
747,0,Jason Bourne,58
748,0,Despicable Me 3,49
749,0,Ouija: Origin of Evil,65
750,0,Transformers: The Last Knight,27
751,0,Storks,56
752,0,Ready Player One,64
753,0,Fifty Shades Freed,31
754,0,Rogue One: A Star Wars Story,65
755,0,Maze Runner: The Death Cure,50
756,0,Love the Coopers,31
757,0,Neighbors 2: Sorority Rising,58
758,0,The Nut Job 2: Nutty by Nature,36
759,0,Blade Runner 2049,81
760,0,The Secret Life of Pets,61
761,0,Hell or High Water,88
762,0,The Fate of the Furious,56
763,0,Baby Driver,86
764,0,Manchester by the Sea,96
765,0,American Made,65
766,0,Jack Reacher: Never Go Back,47
767,0,Barbershop: The Next Cut,67
768,0,Fantastic Beasts: The Crimes of Grindelwald,52
769,0,Tomb Raider,48
770,0,Miracles from Heaven,44
771,0,Valerian and the City of a Thousand Planets,51
772,0,Kingsman: The Golden Circle,44
773,0,Mission: Impossible – Fallout,86
774,0,Solo: A Star Wars Story,62
775,0,Hostiles,65
776,0,Baywatch,37
777,0,The Shack,32
778,0,Book Club,53
779,0,Fifty Shades Darker,33
780,0,Pitch Perfect 3,40
781,0,The Equalizer 2,50
782,0,Jurassic World: Fallen Kingdom,51
783,0,Atomic Blonde,63
784,0,Ant-Man and the Wasp,70
785,0,The Favourite,90
786,0,Jumanji: Welcome to the Jungle,58
787,0,Lion,69
788,0,"Three Billboards Outside Ebbing, Missouri",88
789,0,Fences,79
790,0,First Man,84
791,0,Godzilla: King of the Monsters,48
792,0,Allied,60
793,0,Sully,74
794,0,Collateral Beauty,23
795,0,Ferdinand,58
796,0,Bad Moms,60
797,0,Sherlock Gnomes,36
798,0,Hidden Figures,74
799,0,The Emoji Movie,12
800,0,Boo! A Madea Halloween,30
801,0,"I, Tonya",77
802,0,A Dog's Purpose,43
803,0,Deadpool 2,66
804,0,Peter Rabbit,51
805,0,Office Christmas Party,42
806,0,Patriots Day,69
807,0,A Quiet Place,82
808,0,Annabelle: Creation,62
809,0,Fast & Furious Presents: Hobbs & Shaw,60
810,0,Logan Lucky,78
811,0,Rough Night,51
812,0,The Meg,46
813,0,The Glass Castle,56
814,0,Molly's Game,71
815,0,The Shape of Water,87
816,0,Alita: Battle Angel,53
817,0,Phantom Thread,90
818,0,The Commuter,56
819,0,Lady Bird,94
820,0,Daddy's Home 2,30
821,0,Ralph Breaks the Internet,71
822,0,Red Sparrow,53
823,0,Darkest Hour,75
824,0,All Eyez on Me,38
825,0,47 Meters Down,52
826,0,The Hitman's Bodyguard,47
827,0,Insidious: The Last Key,49
828,0,Hotel Transylvania 3: Summer Vacation,54
829,0,Mary Poppins Returns,66
830,0,Sicario: Day of the Soldado,61
831,0,Girls Trip,71
832,0,Captive State,54
833,0,The Big Sick,86
834,0,American Assassin,45
835,0,Spider-Man: Far from Home,69
836,0,Wonder Park,45
837,0,Winchester,28
838,0,Bumblebee,66
839,0,The Nutcracker and the Four Realms,39
840,0,The Secret Life of Pets 2,55
841,0,Bohemian Rhapsody,49
842,0,Escape Room,48
843,0,A Bad Moms Christmas,42
844,0,The Theory of Everything,72
845,0,Fighting with My Family,68
846,0,Blockers,69
847,0,Slender Man,30
848,0,Game Night,66
849,0,12 Strong,54
850,0,Den of Thieves,49
851,0,The First Purge,54
852,0,White Boy Rick,59
853,0,Tag,56
854,0,All the Money in the World,72
855,0,Happy Death Day,58
856,0,"Love, Simon",72
857,0,Mamma Mia! Here We Go Again,60
858,0,The Spy Who Dumped Me,52
859,0,Crazy Rich Asians,74
860,0,Gemini Man,38
861,0,Goosebumps 2: Haunted Halloween,53
862,0,The Nun,46
863,0,What Men Want,49
864,0,Upside Down,45
865,0,Creed II,66
866,0,The Hate U Give,81
867,0,Second Act,46
868,0,Uncle Drew,57
869,0,A Simple Favor,67
870,0,I Feel Pretty,48
871,0,Cold Pursuit,57
872,0,Instant Family,57
873,0,John Wick: Chapter 3 - Parabellum,73
874,0,Booksmart,84
875,0,BlacKkKlansman,83
876,0,Stuber,42
877,0,Green Book,69
878,0,Hereditary,87
879,0,The Angry Birds Movie 2,60
880,0,Happy Death Day 2U,57
881,0,Brightburn,44
882,0,Midsommar,72
883,0,Good Boys,60
884,0,Downton Abbey,64
885,0,The Post,83
886,0,Rambo: Last Blood,26
887,0,A Dog's Way Home,50
888,0,The Little Prince,70