0,Terminator Salvation,/movie/terminator-salvation
0,The Incredible Hulk,/movie/the-incredible-hulk
0,Captain America: The First Avenger,/movie/captain-america-the-first-avenger
0,The Mummy: Tomb of the Dragon Emperor,/movie/the-mummy-tomb-of-the-dragon-emperor
0,The Forbidden Kingdom,/movie/the-forbidden-kingdom
0,The Dark Knight,/movie/the-dark-knight
0,Pirates of the Caribbean: On Stranger Tides,/movie/pirates-of-the-caribbean-on-stranger-tides
0,Indiana Jones and the Kingdom of the Crystal Skull,/movie/indiana-jones-and-the-kingdom-of-the-crystal-skull
0,Harry Potter and the Half-Blood Prince,/movie/harry-potter-and-the-half-blood-prince
0,X-Men Origins: Wolverine,/movie/x-men-origins-wolverine
0,Valkyrie,/movie/valkyrie
0,The Chronicles of Narnia: Prince Caspian,/movie/the-chronicles-of-narnia-prince-caspian
0,The Karate Kid,/movie/the-karate-kid-1984
0,Sex and the City,/movie/sex-and-the-city
0,The Curious Case of Benjamin Button,/movie/the-curious-case-of-benjamin-button
0,Changeling,/movie/changeling
0,Iron Man,/movie/iron-man
0,The Proposal,/movie/the-proposal
0,Scary Movie 5,/movie/scary-movie-5
0,The Amazing Spider-Man 2,/movie/the-amazing-spider-man-2
0,Leatherheads,/movie/leatherheads
0,27 Dresses,/movie/27-dresses
0,My Sister's Keeper,/movie/my-sisters-keeper
0,Australia,/movie/australia
0,Meet the Spartans,/movie/meet-the-spartans
0,Burn After Reading,/movie/burn-after-reading
0,Oh Lucy!,/movie/oh-lucy!
0,Only Yesterday (1991),/movie/only-yesterday
0,Speed Racer,/movie/speed-racer
0,The Lovely Bones,/movie/the-lovely-bones
0,Tropic Thunder,/movie/tropic-thunder
0,Untraceable,/movie/untraceable
0,The Spiderwick Chronicles,/movie/the-spiderwick-chronicles
0,10 Cloverfield Lane,/movie/10-cloverfield-lane
0,Vantage Point,/movie/vantage-point
0,Ice Age: Dawn of the Dinosaurs,/movie/ice-age-dawn-of-the-dinosaurs
0,Transformers: Revenge of the Fallen,/movie/transformers-revenge-of-the-fallen
0,The Brothers Grimsby,/movie/grimsby
0,Jumper,/movie/jumper
0,Baby Mama,/movie/baby-mama
0,The Reader,/movie/the-reader
0,211,/movie/211
0,Hancock,/movie/hancock
0,The Bank Job,/movie/bankjob
0,Fool's Gold,/movie/fools-gold
0,The Happening,/movie/the-happening
0,What Happens in Vegas,/movie/what-happens-in-vegas
0,Kung Fu Panda,/movie/kung-fu-panda
0,Forgetting Sarah Marshall,/movie/forgetting-sarah-marshall
0,Iron Man 2,/movie/iron-man-2
0,Wanted,/movie/wanted
0,The Chronicles of Narnia: The Voyage of the Dawn Treader,/movie/the-chronicles-of-narnia-the-voyage-of-the-dawn-treader
0,Abominable,/movie/abominable
0,The Sisterhood of the Traveling Pants 2,/movie/the-sisterhood-of-the-traveling-pants-2
0,Toy Story 3,/movie/toy-story-3
0,He's Just Not That Into You,/movie/hes-just-not-that-into-you
0,Eyes Wide Shut,/movie/eyes-wide-shut
0,Twilight,/movie/twilight
0,Call Me by Your Name,/movie/call-me-by-your-name
0,How to Train Your Dragon,/movie/how-to-train-your-dragon
0,The Last Airbender,/movie/the-last-airbender
0,Fantastic Four,/movie/fantastic-four-2015
0,Prince of Persia: The Sands of Time,/movie/prince-of-persia-the-sands-of-time
0,Bedtime Stories,/movie/bedtime-stories
0,Yes Man,/movie/yes-man
0,The Tale of Despereaux,/movie/the-tale-of-despereaux
0,2036 Origin Unknown,/movie/2036-origin-unknown
0,The Ides of March,/movie/the-ides-of-march
0,Zack and Miri Make a Porno,/movie/zack-and-miri-make-a-porno
0,Nim's Island,/movie/nims-island
0,Madagascar: Escape 2 Africa,/movie/madagascar-escape-2-africa
0,Bride Wars,/movie/bride-wars
0,The Princess and the Frog,/movie/the-princess-and-the-frog
0,No Escape,/movie/no-escape
0,The Men Who Stare at Goats,/movie/the-men-who-stare-at-goats
0,You Don't Mess with the Zohan,/movie/you-dont-mess-with-the-zohan
0,Death Race,/movie/death-race
0,Milk,/movie/milk
0,Thoroughbreds,/movie/thoroughbreds
0,Shrek Forever After,/movie/shrek-forever-after
0,Pineapple Express,/movie/pineapple-express
0,Sherlock Holmes,/movie/sherlock-holmes
0,Quantum of Solace,/movie/quantum-of-solace
0,Seven Pounds,/movie/seven-pounds
0,Made of Honor,/movie/made-of-honor
0,Hellboy II: The Golden Army,/movie/hellboy-ii-the-golden-army
0,Public Enemies,/movie/public-enemies
0,Shutter Island,/movie/shutter-island
0,The Green Inferno,/movie/the-green-inferno
0,Journey to the Center of the Earth,/movie/journey-to-the-center-of-the-earth
0,The Informant!,/movie/the-informant!
0,Get Smart,/movie/get-smart
0,Space Chimps,/movie/space-chimps
0,The Strangers: Prey at Night,/movie/the-strangers-prey-at-night
0,Step Brothers,/movie/step-brothers
0,Body of Lies,/movie/body-of-lies
0,High School Musical 3: Senior Year,/movie/high-school-musical-3-senior-year
0,Nobody's Fool,/movie/nobodys-fool-2018
0,Star Wars: The Clone Wars,/movie/star-wars-the-clone-wars
0,Four Christmases,/movie/four-christmases
0,Nick and Norah's Infinite Playlist,/movie/nick-and-norahs-infinite-playlist
0,Saw V,/movie/saw-v
0,The Love Guru,/movie/the-love-guru
0,Slumdog Millionaire,/movie/slumdog-millionaire
0,The House Bunny,/movie/the-house-bunny
0,Underworld: Rise of the Lycans,/movie/underworld-rise-of-the-lycans
0,Max Payne,/movie/max-payne
0,Watchmen,/movie/watchmen
0,Robin Hood,/movie/robin-hood-2018
0,Mamma Mia! Here We Go Again,/movie/mamma-mia!-here-we-go-again
0,Edge of Darkness,/movie/edge-of-darkness
0,Gran Torino,/movie/gran-torino
0,Lakeview Terrace,/movie/lakeview-terrace
0,Transporter 3,/movie/transporter-3
0,The Secret Life of Bees,/movie/the-secret-life-of-bees
0,Bolt,/movie/bolt
0,Angels & Demons,/movie/angels-demons
0,Righteous Kill,/movie/righteous-kill
0,Mirrors,/movie/mirrors
0,When in Rome,/movie/when-in-rome
0,Knowing,/movie/knowing
0,9,/movie/9
0,Precious: Based on the Novel 'Push' by Sapphire,/movie/precious-based-on-the-novel-push-by-sapphire
0,Quarantine,/movie/quarantine
0,"Welcome Home, Roscoe Jenkins",/movie/welcome-home-roscoe-jenkins
0,Race to Witch Mountain,/movie/race-to-witch-mountain
0,Beverly Hills Chihuahua,/movie/beverly-hills-chihuahua
0,Star Trek Beyond,/movie/star-trek-beyond
0,Fireproof,/movie/fireproof
0,Set It Up,/movie/set-it-up
0,The Lord of the Rings: The Return of the King,/movie/the-lord-of-the-rings-the-return-of-the-king
0,Doctor Strange,/movie/doctor-strange
0,Vice,/movie/vice-2018
0,Coraline,/movie/coraline
0,G.I. Joe: The Rise of Cobra,/movie/gi-joe-the-rise-of-cobra
0,Mrs. Doubtfire,/movie/mrs-doubtfire
0,2012,/movie/2012
0,Mother's Day,/movie/mothers-day-2016
0,Wonder Woman,/movie/wonder-woman
0,Hot Pursuit,/movie/hot-pursuit
0,Turbo Kid,/movie/turbo-kid
0,Role Models,/movie/role-models
0,Alice Through the Looking Glass,/movie/alice-in-wonderland-2
0,Hotel for Dogs,/movie/hotel-for-dogs
0,The BFG,/movie/the-bfg
0,Planet 51,/movie/planet-51
0,"I Love You, Man",/movie/i-love-you-man
0,Paul Blart: Mall Cop 2,/movie/paul-blart-mall-cop-2
0,Inglourious Basterds,/movie/inglourious-basterds
0,The Soloist,/movie/the-soloist
0,Defiance,/movie/defiance
0,Duplicity,/movie/duplicity
0,Obsessed,/movie/obsessed
0,True Grit,/movie/true-grit
0,District 9,/movie/district-9
0,State of Play,/movie/state-of-play
0,17 Again,/movie/17-again
0,The Twilight Saga: New Moon,/movie/the-twilight-saga-new-moon
0,The Woman in Black,/movie/the-woman-in-black
0,Year One,/movie/year-one
0,Drag Me to Hell,/movie/drag-me-to-hell
0,Land of the Lost,/movie/land-of-the-lost
0,The Foreigner,/movie/the-foreigner
0,Where the Wild Things Are,/movie/where-the-wild-things-are
0,Dunkirk,/movie/dunkirk
0,The Adventures of Tintin,/movie/the-adventures-of-tintin
0,Project X,/movie/project-x
0,The Haunting in Connecticut,/movie/hauntinginconnecticut
0,G-Force,/movie/g-force
0,Zombieland,/movie/zombieland
0,Night at the Museum: Battle of the Smithsonian,/movie/night-at-the-museum-battle-of-the-smithsonian
0,Surrogates,/movie/surrogates
0,Couples Retreat,/movie/couples-retreat
0,Confessions of a Shopaholic,/movie/confessions-of-a-shopaholic
0,Coco,/movie/coco-2017
0,The Hangover,/movie/the-hangover
0,The Book of Eli,/movie/the-book-of-eli
0,The Taking of Pelham 1 2 3,/movie/the-taking-of-pelham-1-2-3
0,Neighbors 2: Sorority Rising,/movie/neighbors-2
0,Despicable Me 3,/movie/despicable-me-3
0,Avatar,/movie/avatar
0,Hope Springs,/movie/great-hope-springs
0,Funny People,/movie/funny-people
0,The Ugly Truth,/movie/the-ugly-truth
0,The Prodigy,/movie/the-prodigy
0,(500) Days of Summer,/movie/500-days-of-summer
0,Dance Flick,/movie/dance-flick
0,Final Destination 5,/movie/final-destination-5
0,Law Abiding Citizen,/movie/law-abiding-citizen
0,Saw VI,/movie/saw-vi
0,Orphan,/movie/orphan
0,Cloudy with a Chance of Meatballs,/movie/cloudy-with-a-chance-of-meatballs
0,The Fourth Kind,/movie/the-fourth-kind
0,Ninja Assassin,/movie/ninja-assassin
0,Up in the Air,/movie/up-in-the-air
0,Takers,/movie/takers
0,Invictus,/movie/invictus
0,The Blind Side,/movie/the-blind-side
0,Scott Pilgrim vs. the World,/movie/scott-pilgrim-vs-the-world
0,Old Dogs,/movie/old-dogs
0,Green Zone,/movie/green-zone
0,It's Complicated,/movie/its-complicated
0,Tooth Fairy,/movie/tooth-fairy
0,Jigsaw,/movie/jigsaw
0,Hot Tub Time Machine,/movie/hot-tub-time-machine
0,Dear John,/movie/dear-john
0,Alvin and the Chipmunks: The Squeakquel,/movie/alvin-and-the-chipmunks-the-squeakquel
0,A Tale of Two Sisters,/movie/a-tale-of-two-sisters
0,The Cabin in the Woods,/movie/the-cabin-in-the-woods
0,Into the Woods,/movie/into-the-woods
0,Sucker Punch,/movie/sucker-punch
0,Kick-Ass 2,/movie/kick-ass-2
0,Cop Out,/movie/cop-out
0,The Twilight Saga: Eclipse,/movie/the-twilight-saga-eclipse
0,Machete Kills,/movie/machete-kills
0,All About Steve,/movie/all-about-steve
0,The Time Traveler's Wife,/movie/the-time-travelers-wife
0,Unstoppable,/movie/unstoppable
0,Julie & Julia,/movie/julie-julia
0,The Bounty Hunter,/movie/the-bounty-hunter
0,Crazy Heart,/movie/crazy-heart
0,Small Town Crime,/movie/small-town-crime
0,The Sorcerer's Apprentice,/movie/the-sorcerers-apprentice
0,Paranormal Activity,/movie/paranormal-activity
0,Inception,/movie/inception
0,The Other Guys,/movie/the-other-guys
0,Frozen,/movie/frozen-2013
0,The Expendables 3,/movie/the-expendables-3
0,Red Riding Hood,/movie/red-riding-hood
0,A Wrinkle in Time,/movie/a-wrinkle-in-time
0,Salt,/movie/salt
0,Safe House,/movie/safe-house
0,Get Him to the Greek,/movie/get-him-to-the-greek
0,American Animals,/movie/american-animals
0,The Crazies,/movie/the-crazies
0,Natural Born Killers,/movie/natural-born-killers
0,Morning Glory,/movie/morning-glory
0,Rio,/movie/rio
0,Frankenweenie,/movie/frankenweenie
0,Wall Street: Money Never Sleeps,/movie/wall-street-money-never-sleeps
0,She's Out of My League,/movie/shes-out-of-my-league
0,The Back-up Plan,/movie/the-back-up-plan
0,Braven,/movie/braven
0,Date Night,/movie/date-night
0,Predators,/movie/predators
0,I Hate Valentine's Day,/movie/i-hate-valentines-day
0,Resident Evil: Afterlife,/movie/resident-evil-afterlife
0,Letters to Juliet,/movie/letters-to-juliet
0,Super 8,/movie/super-8
0,The Accountant,/movie/the-accountant
0,Easy A,/movie/easy-a
0,Sex and the City 2,/movie/sex-and-the-city-2
0,Skyfall,/movie/bond-23
0,The Social Network,/movie/the-social-network
0,The Adjustment Bureau,/movie/the-adjustment-bureau
0,Charlie St. Cloud,/movie/charlie-st-cloud
0,Megamind,/movie/megamind
0,Eat Pray Love,/movie/eat-pray-love
0,The Tourist,/movie/the-tourist
0,Team America: World Police,/movie/team-america-world-police
0,Immortals,/movie/immortals
0,Marmaduke,/movie/marmaduke
0,The Last Exorcism,/movie/the-last-exorcism
0,"Big Mommas: Like Father, Like Son",/movie/big-mommas-like-father-like-son
0,Gulliver's Travels,/movie/gullivers-travels
0,Transformers: Dark of the Moon,/movie/transformers-dark-of-the-moon
0,The Zookeeper's Wife,/movie/the-zookeepers-wife
0,Tangled,/movie/tangled
0,Dinner for Schmucks,/movie/dinner-for-schmucks
0,Little Fockers,/movie/little-fockers
0,Grown Ups 2,/movie/grown-ups-2
0,Secretariat,/movie/secretariat
0,Real Steel,/movie/real-steel
0,Contagion,/movie/contagion
0,The Night Before,/movie/the-night-before
0,Cats & Dogs: The Revenge of Kitty Galore,/movie/cats-dogs-the-revenge-of-kitty-galore
0,Vampires Suck,/movie/vampires-suck
0,The Sitter,/movie/the-sitter
0,The Green Hornet,/movie/the-green-hornet
0,Paranormal Activity 2,/movie/paranormal-activity-2
0,Saw 3D,/movie/saw-3d
0,The Secret Life of Walter Mitty,/movie/the-secret-life-of-walter-mitty
0,Yogi Bear,/movie/yogi-bear
0,Smurfs: The Lost Village,/movie/smurfs-the-lost-village
0,"Paul, Apostle of Christ",/movie/paul-apostle-of-christ
0,Legend of the Guardians: The Owls of Ga'Hoole,/movie/legend-of-the-guardians-the-owls-of-gahoole
0,Scream 4,/movie/scream-4
0,No Strings Attached,/movie/no-strings-attached
0,The Switch,/movie/the-switch
0,Due Date,/movie/due-date
0,Burlesque,/movie/burlesque
0,Soul Surfer,/movie/soul-surfer
0,Skyscraper,/movie/skyscraper
0,Black Swan,/movie/black-swan
0,The Boy Next Door,/movie/the-boy-next-door
0,How Do You Know,/movie/how-do-you-know
0,The Dilemma,/movie/the-dilemma
0,Rango,/movie/rango
0,Hugo,/movie/hugo
0,The Gambler,/movie/the-gambler
0,Battleship,/movie/battleship
0,The Sweet Hereafter,/movie/the-sweet-hereafter
0,Battle: Los Angeles,/movie/battle-los-angeles
0,The Hangover Part III,/movie/the-hangover-part-iii
0,The King's Speech,/movie/the-kings-speech
0,Devil's Gate,/movie/devils-gate
0,Green Lantern,/movie/green-lantern
0,Source Code,/movie/source-code
0,I Am Number Four,/movie/i-am-number-four
0,Independence Day: Resurgence,/movie/independence-day-2
0,A Good Day to Die Hard,/movie/a-good-day-to-die-hard
0,The Fighter,/movie/the-fighter
0,Peppermint,/movie/peppermint
0,Moana,/movie/moana
0,The Rite,/movie/the-rite
0,Cars 2,/movie/cars-2
0,Dracula Untold,/movie/dracula-untold
0,The Judge,/movie/the-judge
0,The Dark Knight Rises,/movie/the-dark-knight-rises
0,Something Borrowed,/movie/something-borrowed
0,The Bourne Legacy,/movie/the-bourne-legacy
0,The Hobbit: An Unexpected Journey,/movie/the-hobbit-an-unexpected-journey
0,Gravity,/movie/gravity
0,Hall Pass,/movie/hall-pass
0,The Debt Collector,/movie/the-debt-collector
0,Watchmen,/movie/watchmen
0,Kung Fu Panda 2,/movie/kung-fu-panda-2
0,The Change-Up,/movie/the-change-up
0,Oblivion,/movie/oblivion
0,John Carter,/movie/john-carter
0,Man of Steel,/movie/man-of-steel
0,The Roommate,/movie/the-roommate
0,Cowboys & Aliens,/movie/cowboys-aliens
0,Once Upon a Time ... in Hollywood,/movie/once-upon-a-time-in-hollywood
0,R.I.P.D.,/movie/ripd
0,The Croods,/movie/the-croods
0,Inside Out,/movie/inside-out-2015
0,Super Troopers 2,/movie/super-troopers-2
0,Limitless,/movie/limitless
0,Friends with Benefits,/movie/friends-with-benefits
0,The Help,/movie/the-help
0,X-Men: First Class,/movie/x-men-first-class
0,Star Trek Into Darkness,/movie/star-trek-2
0,Fast Five,/movie/fast-five
0,The Lincoln Lawyer,/movie/the-lincoln-lawyer
0,Star Wars: Episode IV - A New Hope,/movie/star-wars-episode-iv---a-new-hope
0,Elysium,/movie/elysium
0,Bad Teacher,/movie/bad-teacher
0,Justin Bieber: Never Say Never,/movie/justin-bieber-never-say-never
0,Alvin and the Chipmunks: Chipwrecked,/movie/alvin-and-the-chipmunks-chip-wrecked
0,Bridesmaids,/movie/bridesmaids
0,Hanna,/movie/hanna
0,Horrible Bosses,/movie/horrible-bosses
0,That's My Boy,/movie/donnys-boy
0,"Crazy, Stupid, Love",/movie/crazy-stupid-love
0,Spy Kids: All the Time in the World,/movie/spy-kids-4-all-the-time-in-the-world
0,Overlord,/movie/overlord-2018
0,The Lone Ranger,/movie/lone-ranger
0,Mission: Impossible - Ghost Protocol,/movie/mission-impossible---ghost-protocol
0,The Hobbit: The Desolation of Smaug,/movie/the-hobbit-the-desolation-of-smaug
0,Water for Elephants,/movie/water-for-elephants
0,Ice Age: Continental Drift,/movie/ice-age-continental-drift
0,War Horse,/movie/war-horse
0,Wrath of the Titans,/movie/clash-of-the-titans-2
0,Mr. Popper's Penguins,/movie/mr-poppers-penguins
0,Jumping the Broom,/movie/jumping-the-broom
0,Larry Crowne,/movie/larry-crowne
0,Kick-Ass 2,/movie/kick-ass-2
0,Snow White and the Huntsman,/movie/snow-white-and-the-huntsman
0,Midnight in Paris,/movie/midnight-in-paris
0,Final Destination 5,/movie/final-destination-5
0,This Means War,/movie/this-means-war
0,Looper,/movie/looper
0,30 Minutes or Less,/movie/30-minutes-or-less
0,Monsters University,/movie/monsters-inc-2
0,SPECTRE,/movie/spectre
0,Joy,/movie/joy
0,Dark Shadows,/movie/dark-shadows
0,Sherlock Holmes: A Game of Shadows,/movie/sherlock-holmes-2
0,Moneyball,/movie/moneyball
0,New Year's Eve,/movie/new-years-eve
0,The Boss Baby,/movie/boss-baby
0,Tower Heist,/movie/tower-heist
0,Mirror Mirror,/movie/mirror-mirror
0,Dolphin Tale,/movie/dolphin-tale
0,Rise of the Planet of the Apes,/movie/rise-of-the-apes
0,Colombiana,/movie/colombiana
0,Extremely Loud and Incredibly Close,/movie/extremely-loud-and-incredibly-close
0,The Descendants,/movie/the-descendants
0,Happy Feet Two,/movie/happy-feet-2-in-3d
0,Iron Man 3,/movie/iron-man-3
0,Grudge Match,/movie/grudge-match
0,The Muppets,/movie/the-muppets
0,Think Like a Man,/movie/think-like-a-man
0,Django Unchained,/movie/django-unchained
0,Risen,/movie/risen
0,Wind River,/movie/wind-river
0,47 Ronin,/movie/47-ronin
0,Argo,/movie/argo
0,Pacific Rim: Uprising,/movie/pacific-rim-uprising
0,Aquaman,/movie/aquaman
0,American Reunion,/movie/american-reunion
0,Warcraft,/movie/warcraft
0,Sing,/movie/sing
0,The Hunger Games,/movie/the-hunger-games
0,Resident Evil: Retribution,/movie/resident-evil-5
0,Prometheus,/movie/prometheus
0,The Five-Year Engagement,/movie/five-year-engagement
0,Courageous,/movie/courageous
0,The Iron Lady,/movie/the-iron-lady
0,World War Z,/movie/world-war-z
0,The Vow,/movie/the-vow
0,G.I. Joe: Retaliation,/movie/gi-joe-2-cobra-strikes
0,Paranormal Activity 3,/movie/paranormal-activity-3
0,Journey 2: The Mysterious Island,/movie/center-of-the-earth-journey-2-the-mysterious-island
0,Abraham Lincoln: Vampire Hunter,/movie/abraham-lincoln-vampire-hunter
0,Jack and Jill,/movie/jack-and-jill
0,The Expendables 2,/movie/the-expendables-2
0,The Visit,/movie/the-visit-2015
0,Bill & Ted's Excellent Adventure,/movie/bill-teds-excellent-adventure
0,X-Men Origins: Wolverine,/movie/x-men-origins-wolverine
0,Jack Reacher: Never Go Back,/movie/jack-reacher-never-go-back
0,Percy Jackson: Sea of Monsters,/movie/percy-jackson-sea-of-monsters
0,Red Tails,/movie/red-tails
0,The Devil Inside,/movie/project-x27
0,The Disaster Artist,/movie/the-disaster-artist
0,We Bought a Zoo,/movie/we-bought-a-zoo
0,Lincoln,/movie/lincoln
0,12 Years a Slave,/movie/12-years-a-slave
0,Fifty Shades of Grey,/movie/fifty-shades-of-grey
0,The Three Stooges,/movie/the-three-stooges
0,Act of Valor,/movie/act-of-valor
0,What to Expect When You're Expecting,/movie/what-to-expect-when-youre-expecting
0,Now You See Me,/movie/now-you-see-me
0,Mad Max: Fury Road,/movie/mad-max-fury-road
0,End of Watch,/movie/end-of-watch
0,Thor: The Dark World,/movie/thor-the-dark-world
0,Jupiter Ascending,/movie/jupiter-ascending
0,Contraband,/movie/contraband
0,Walking with Dinosaurs,/movie/walking-with-dinosaurs
0,Dear Dictator,/movie/dear-dictator
0,The Campaign,/movie/dog-fight
0,The Lucky One,/movie/the-lucky-one
0,Magic Mike,/movie/magic-mike
0,Hotel Transylvania 3: Summer Vacation,/movie/hotel-transylvania-3
0,The Smurfs 2,/movie/the-smurfs-2
0,ParaNorman,/movie/paranorman
0,Puss in Boots,/movie/puss-in-boots
0,Madagascar 3: Europe's Most Wanted,/movie/madagascar-3
0,Ender's Game,/movie/enders-game
0,Rock of Ages,/movie/rock-of-ages
0,Miss Bala,/movie/miss-bala
0,Jack the Giant Slayer,/movie/jack-the-giant-killer
0,The Possession,/movie/dibbuk-box
0,Lawless,/movie/lawless
0,Sinister,/movie/sinister-2012
0,The Guilt Trip,/movie/my-mothers-curse
0,Gangster Squad,/movie/gangster-squad
0,Taken 2,/movie/taken-2
0,Rise of the Guardians,/movie/rise-of-the-guardians
0,Wreck-It Ralph,/movie/reboot-ralph
0,Warm Bodies,/movie/warm-bodies
0,Fast & Furious 6,/movie/fast-furious-6
0,The Revenant,/movie/the-revenant-2015
0,Mr. Peabody & Sherman,/movie/mr-peabody-sherman
0,After Earth,/movie/after-earth
0,Paranormal Activity 4,/movie/paranormal-activity-4
0,Moonrise Kingdom,/movie/moonrise-kingdom
0,Silver Linings Playbook,/movie/silver-linings-playbook
0,How to Train Your Dragon 2,/movie/how-to-train-your-dragon-2
0,Boyhood,/movie/boyhood
0,Step Up Revolution,/movie/step-up-4
0,Riddick,/movie/riddick
0,Noah,/movie/noah
0,It,/movie/it
0,J. Edgar,/movie/j-edgar
0,Despicable Me 2,/movie/despicable-me-2
0,Parental Guidance,/movie/parental-guidance
0,The Forest,/movie/the-forest
0,Life of Pi,/movie/life-of-pi
0,Black Panther,/movie/black-panther
0,This Is 40,/movie/this-is-40
0,Transformers: Age Of Extinction,/movie/transformers-4
0,Black Panther,/movie/black-panther
0,Avengers: Age of Ultron,/movie/avengers-age-of-ultron
0,Zero Dark Thirty,/movie/zero-dark-thirty
0,Bridget Jones's Baby,/movie/bridget-joness-baby
0,Flightplan,/movie/flightplan
0,Blumhouse's Truth or Dare,/movie/blumhouses-truth-or-dare
0,Dumb and Dumber,/movie/dumb-and-dumber
0,The Hunger Games: Catching Fire,/movie/the-hunger-games-catching-fire
0,Captain America: The Winter Soldier,/movie/captain-america-the-winter-soldier
0,The Amazing Spider-Man 2,/movie/the-amazing-spider-man-2
0,The Wolf of Wall Street,/movie/the-wolf-of-wall-street
0,Ant-Man and the Wasp,/movie/ant-man-and-the-wasp
0,The Hangover Part III,/movie/the-hangover-part-iii
0,Pirates of the Caribbean: At World's End,/movie/pirates-of-the-caribbean-at-worlds-end
0,Identity Thief,/movie/identity-theft
0,Maleficent,/movie/maleficent
0,The Good Dinosaur,/movie/the-good-dinosaur
0,Anchorman 2: The Legend Continues,/movie/anchorman-2-the-legend-continues
0,Grown Ups 2,/movie/grown-ups-2
0,Captain Phillips,/movie/a-captains-duty
0,Cloudy with a Chance of Meatballs 2,/movie/cloudy-with-a-chance-of-meatballs-2
0,Safe Haven,/movie/safe-haven
0,The Internship,/movie/the-internship
0,Mark Felt: The Man Who Brought Down the White House,/movie/mark-felt-the-man-who-brought-down-the-white-house
0,Olympus Has Fallen,/movie/olympus-has-fallen
0,Pitch Perfect 3,/movie/pitch-perfect-3
0,Dawn of the Planet of the Apes,/movie/dawn-of-the-planet-of-the-apes
0,42,/movie/42
0,The Mortal Instruments: City of Bones,/movie/the-mortal-instruments-city-of-bones
0,Guardians of the Galaxy,/movie/guardians-of-the-galaxy
0,The Grand Budapest Hotel,/movie/the-grand-budapest-hotel
0,The Hobbit: The Battle of the Five Armies,/movie/the-hobbit-the-battle-of-the-five-armies
0,Assassin's Creed,/movie/assassins-creed
0,Home Again,/movie/home-again
0,Sicario: Day of the Soldado,/movie/sicario-2-soldado
0,When the Bough Breaks,/movie/when-the-bough-breaks
0,Captain Underpants: The First Epic Movie,/movie/captain-underpants
0,X-Men: Days of Future Past,/movie/x-men-days-of-future-past
0,Alien: Covenant,/movie/alien-covenant
0,Finding Dory,/movie/finding-dory
0,The Hunger Games: Mockingjay - Part 2,/movie/the-hunger-games-mockingjay---part-2
0,The Dark Tower,/movie/the-dark-tower
0,The Hunger Games: Mockingjay - Part 1,/movie/the-hunger-games-mockingjay---part-1
0,Get Out,/movie/get-out
0,Snitch,/movie/snitch
0,2 Guns,/movie/2-guns
0,Need For Speed,/movie/need-for-speed
0,Last Vegas,/movie/last-vegas
0,Smurfs: The Lost Village,/movie/smurfs-the-lost-village
0,Jurassic World,/movie/jurassic-world
0,Pixels,/movie/pixels
0,Trolls,/movie/trolls
0,Edge of Tomorrow,/movie/all-you-need-is-kill
0,The Conjuring,/movie/the-conjuring
0,Y Tu Mamá También,/movie/y-tu-mama-tambien
0,Kung Fu Panda 3,/movie/kung-fu-panda-3
0,The Expendables 3,/movie/the-expendables-3
0,We're the Millers,/movie/were-the-millers
0,Jack Ryan: Shadow Recruit,/movie/jack-ryan-shadow-recruit
0,Muppets Most Wanted,/movie/muppets-most-wanted
0,Star Wars: Episode VII - The Force Awakens,/movie/star-wars-episode-vii---the-force-awakens
0,Black Mass,/movie/black-mass
0,Ouija: Origin of Evil,/movie/ouija-origin-of-evil
0,Saving Mr. Banks,/movie/saving-mr-banks
0,Exodus: Gods and Kings,/movie/exodus-gods-and-kings
0,The Finest Hours,/movie/the-finest-hours
0,Prisoners,/movie/prisoners
0,Delivery Man,/movie/delivery-man
0,A Haunted House 2,/movie/a-haunted-house-2
0,Interstellar,/movie/interstellar
0,Justice League,/movie/justice-league
0,The Best Man Holiday,/movie/the-best-man-holiday
0,The Monuments Men,/movie/the-monuments-men
0,Planes,/movie/planes
0,Dallas Buyers Club,/movie/dallas-buyers-club
0,Heat,/movie/heat
0,August: Osage County,/movie/august-osage-county
0,Blue Jasmine,/movie/blue-jasmine
0,Hotel Transylvania 2,/movie/hotel-transylvania-2
0,Oculus,/movie/oculus
0,The Angry Birds Movie,/movie/angry-birds
0,Snatched,/movie/snatched
0,The Equalizer,/movie/the-equalizer
0,American Hustle,/movie/american-hustle
0,Furious 7,/movie/furious-7
0,The First Purge,/movie/the-first-purge
0,The Boxtrolls,/movie/the-boxtrolls
0,How to Train Your Dragon: The Hidden World,/movie/how-to-train-your-dragon-the-hidden-world
0,Ride Along 2,/movie/ride-along-2
0,A Walk Among the Tombstones,/movie/a-walk-among-the-tombstones
0,Rio 2,/movie/rio-2
0,Pirates of the Caribbean: Dead Men Tell No Tales,/movie/pirates-of-the-caribbean-dead-men-tell-no-tales
0,Tomorrowland,/movie/tomorrowland
0,Think Like a Man Too,/movie/think-like-a-man-2
0,Star Wars: Episode VIII - The Last Jedi,/movie/star-wars-episode-viii
0,Free Birds,/movie/free-birds
0,Mission: Impossible - Rogue Nation,/movie/mission-impossible---rogue-nation
0,Entourage,/movie/entourage
0,American Sniper,/movie/american-sniper
0,Star Trek Beyond,/movie/star-trek-beyond
0,A Million Ways to Die in the West,/movie/a-million-ways-to-die-in-the-west
0,The Lazarus Effect,/movie/the-lazarus-effect
0,Big Hero 6,/movie/big-hero-6
0,Night at the Museum: Secret of the Tomb,/movie/night-at-the-museum-secret-of-the-tomb
0,Million Dollar Arm,/movie/million-dollar-arm
0,Let's Be Cops,/movie/lets-be-cops
0,Birdman or (The Unexpected Virtue of Ignorance),/movie/birdman
0,22 Jump Street,/movie/22-jump-street
0,3 Days to Kill,/movie/3-days-to-kill
0,Lone Survivor,/movie/lone-survivor
0,Brooklyn,/movie/brooklyn
0,Maze Runner: The Death Cure,/movie/maze-runner-the-death-cure
0,Nerve,/movie/nerve
0,Draft Day,/movie/draft-day
0,Gods of Egypt,/movie/gods-of-egypt
0,In the Heart of the Sea,/movie/in-the-heart-of-the-sea
0,Suicide Squad,/movie/suicide-squad
0,Batman v Superman: Dawn of Justice,/movie/batman-v-superman-dawn-of-justice
0,The Imitation Game,/movie/the-imitation-game
0,Philomena,/movie/philomena
0,Crimson Peak,/movie/crimson-peak
0,Fist Fight,/movie/fist-fight
0,Chappie,/movie/chappie
0,Southpaw,/movie/southpaw-2015
0,Jackass Presents: Bad Grandpa,/movie/jackass-presents-bad-grandpa
0,Gone Girl,/movie/gone-girl
0,Minions,/movie/minions
0,Fifty Shades of Grey,/movie/fifty-shades-of-grey
0,Planes: Fire & Rescue,/movie/planes-fire-rescue
0,Ted 2,/movie/ted-2
0,"Alexander and the Terrible, Horrible, No Good, Very Bad Day",/movie/alexander-and-the-terrible-horrible-no-good-very-bad-day
0,Jersey Boys,/movie/jersey-boys
0,Aloha,/movie/aloha
0,Sausage Party,/movie/sausage-party
0,Chef,/movie/chef
0,Horrible Bosses 2,/movie/horrible-bosses-2
0,That Awkward Moment,/movie/that-awkward-moment
0,Sex Tape,/movie/sex-tape
0,The Giver,/movie/the-giver
0,Non-Stop,/movie/non-stop-2014
0,Paranormal Activity: The Marked Ones,/movie/paranormal-activity-the-marked-ones
0,Dolphin Tale 2,/movie/dolphin-tale-2
0,Unbroken,/movie/unbroken
0,The Hundred-Foot Journey,/movie/the-hundred-foot-journey
0,Project Almanac,/movie/project-almanac
0,Tammy,/movie/tammy
0,Us,/movie/us
0,The Nut Job 2: Nutty by Nature,/movie/the-nut-job-2-nutty-by-nature
0,Blended,/movie/blended
0,Searching,/movie/search
0,The SpongeBob Movie: Sponge Out of Water,/movie/the-spongebob-movie-sponge-out-of-water
0,The Longest Ride,/movie/the-longest-ride
0,When the Game Stands Tall,/movie/when-the-game-stands-tall
0,A Walk in the Woods,/movie/a-walk-in-the-woods
0,Son of God,/movie/son-of-god
0,Heaven Is for Real,/movie/heaven-is-for-real
0,Alpha,/movie/alpha
0,The Purge: Anarchy,/movie/the-purge-anarchy
0,Earth to Echo,/movie/earth-to-echo
0,The Peanuts Movie,/movie/peanuts
0,War Dogs,/movie/arms-and-the-dudes
0,St. Vincent,/movie/st-vincent
0,Run All Night,/movie/run-all-night
0,Lights Out,/movie/lights-out
0,The Best of Me,/movie/the-best-of-me
0,Nightcrawler,/movie/nightcrawler
0,Hitman: Agent 47,/movie/hitman-agent-47
0,John Wick,/movie/john-wick
0,X-Men: Apocalypse,/movie/x-men-apocalypse
0,The Catcher Was a Spy,/movie/the-catcher-was-a-spy
0,Arrival,/movie/arrival
0,The Wedding Ringer,/movie/the-wedding-ringer
0,God's Not Dead: A Light in Darkness,/movie/gods-not-dead-a-light-in-darkness
0,Paul Blart: Mall Cop 2,/movie/paul-blart-mall-cop-2
0,Annabelle: Creation,/movie/annabelle-creation
0,Pitch Perfect 2,/movie/pitch-perfect-2
0,The Mule,/movie/the-mule
0,The Legend of Tarzan,/movie/tarzan-2016
0,Get Hard,/movie/get-hard
0,The Conjuring 2,/movie/the-conjuring-2
0,San Andreas,/movie/san-andreas
0,How to Be Single,/movie/how-to-be-single
0,Magic Mike XXL,/movie/magic-mike-xxl
0,Goosebumps,/movie/goosebumps
0,Ex Machina,/movie/ex-machina
0,The Theory of Everything,/movie/the-theory-of-everything
0,The Second Best Exotic Marigold Hotel,/movie/the-second-best-exotic-marigold-hotel
0,Cars 3,/movie/cars-3
0,London Has Fallen,/movie/london-has-fallen
0,Incredibles 2,/movie/incredibles-2
0,Ad Astra,/movie/ad-astra
0,Captain Underpants: The First Epic Movie,/movie/captain-underpants
0,Captain America: Civil War,/movie/captain-america-civil-war
0,Penguins of Madagascar,/movie/penguins-of-madagascar
0,Zootopia,/movie/zootopia
0,Trainwreck,/movie/trainwreck
0,"Hail, Caesar!",/movie/hail-caesar!
0,The DUFF,/movie/the-duff
0,Selma,/movie/selma
0,The Last Witch Hunter,/movie/the-last-witch-hunter
0,Ralph Breaks the Internet,/movie/ralph-breaks-the-internet
0,The Hateful Eight,/movie/the-hateful-eight
0,Geostorm,/movie/geostorm
0,Daddy's Home 2,/movie/daddys-home-2
0,Straight Outta Compton,/movie/straight-outta-compton
0,Gifted,/movie/gifted
0,If I Stay,/movie/if-i-stay
0,Sinister 2,/movie/sinister-2
0,Miss Peregrine's Home for Peculiar Children,/movie/miss-peregrines-home-for-peculiar-children
0,Paper Towns,/movie/paper-towns
0,Unfriended: Dark Web,/movie/unfriended-2-dark-web
0,Don't Breathe,/movie/dont-breathe
0,Ricki and the Flash,/movie/ricki-and-the-flash
0,Krampus,/movie/krampus
0,Thor: Ragnarok,/movie/thor-ragnarok
0,Ice Age: Collision Course,/movie/ice-age-5
0,War for the Planet of the Apes,/movie/war-for-the-planet-of-the-apes
0,King Arthur: Legend of the Sword,/movie/king-arthur-legend-of-the-sword
0,Guardians of the Galaxy Vol. 2,/movie/guardians-of-the-galaxy-vol-2
0,Now You See Me 2,/movie/now-you-see-me-2
0,The Nice Guys,/movie/the-nice-guys
0,The Bye Bye Man,/movie/the-bye-bye-man
0,Shazam!,/movie/shazam
0,Dirty Grandpa,/movie/dirty-grandpa
0,The Huntsman: Winter's War,/movie/the-huntsman-winters-war
0,Maze Runner: The Scorch Trials,/movie/maze-runner-the-scorch-trials
0,The Age of Adaline,/movie/the-age-of-adaline
0,Widows,/movie/widows
0,Me Before You,/movie/me-before-you
0,Bridge of Spies,/movie/bridge-of-spies
0,The Mountain Between Us,/movie/the-mountain-between-us
0,Kong: Skull Island,/movie/kong-skull-island
0,The Martian,/movie/the-martian
0,Avengers: Endgame,/movie/avengers-endgame
0,Once Upon a Deadpool,/movie/once-upon-a-deadpool
0,The 5th Wave,/movie/the-5th-wave
0,The Boss Baby,/movie/boss-baby
0,Avengers: Infinity War,/movie/avengers-infinity-war
0,Deepwater Horizon,/movie/deepwater-horizon
0,13 Hours: The Secret Soldiers of Benghazi,/movie/13-hours
0,My Big Fat Greek Wedding 2,/movie/my-big-fat-greek-wedding-2
0,Money Monster,/movie/money-monster
0,Downsizing,/movie/downsizing
0,Central Intelligence,/movie/central-intelligence
0,The Gallows,/movie/the-gallows
0,Toy Story 4,/movie/toy-story-4
0,The Perfect Guy,/movie/the-perfect-guy
0,Woman in Gold,/movie/woman-in-gold
0,Teenage Mutant Ninja Turtles: Out of the Shadows,/movie/teenage-mutant-ninja-turtles-2
0,La La Land,/movie/la-la-land
0,Annihilation,/movie/annihilation
0,Mary and The Witch's Flower,/movie/mary-and-the-witchs-flower
0,Kubo and the Two Strings,/movie/kubo-and-the-two-strings
0,Florence Foster Jenkins,/movie/florence-foster-jenkins
0,The Greatest Showman,/movie/the-greatest-showman
0,Ride Along 2,/movie/ride-along-2
0,Assassin's Creed,/movie/assassins-creed
0,Spider-Man: Homecoming,/movie/spider-man-homecoming
0,Spotlight,/movie/spotlight
0,The Big Short,/movie/the-big-short
0,Dark Phoenix,/movie/dark-phoenix
0,Jason Bourne,/movie/jason-bourne
0,Hacksaw Ridge,/movie/hacksaw-ridge
0,War Room,/movie/war-room
0,The Purge: Election Year,/movie/the-purge-election-year
0,Mike and Dave Need Wedding Dates,/movie/mike-and-dave-need-wedding-dates-2016
0,Zoolander 2,/movie/zoolander-2
0,The Shallows,/movie/the-shallows
0,10 Cloverfield Lane,/movie/10-cloverfield-lane
0,Hotel Transylvania 3: Summer Vacation,/movie/hotel-transylvania-3
0,Neighbors 2: Sorority Rising,/movie/neighbors-2
0,Despicable Me 3,/movie/despicable-me-3
0,Rogue One: A Star Wars Story,/movie/rogue-one
0,Barbershop: The Next Cut,/movie/barbershop-3
0,Storks,/movie/storks
0,Ready Player One,/movie/ready-player-one
0,Ouija: Origin of Evil,/movie/ouija-origin-of-evil
0,Blade Runner 2049,/movie/blade-runner-2049
0,Transformers: The Last Knight,/movie/transformers-the-last-knight
0,Fifty Shades Freed,/movie/fifty-shades-freed
0,The Secret Life of Pets,/movie/the-secret-life-of-pets
0,Love the Coopers,/movie/love-the-coopers
0,American Made,/movie/american-made
0,The Fate of the Furious,/movie/fast-8
0,Maze Runner: The Death Cure,/movie/maze-runner-the-death-cure
0,Baby Driver,/movie/baby-driver
0,Hell or High Water,/movie/hell-or-high-water
0,The Nut Job 2: Nutty by Nature,/movie/the-nut-job-2-nutty-by-nature
0,Manchester by the Sea,/movie/manchester-by-the-sea
0,Valerian and the City of a Thousand Planets,/movie/valerian-and-the-city-of-a-thousand-planets
0,Fantastic Beasts: The Crimes of Grindelwald,/movie/fantastic-beasts-and-where-to-find-them-2
0,Jack Reacher: Never Go Back,/movie/jack-reacher-never-go-back
0,Miracles from Heaven,/movie/miracles-from-heaven
0,Fifty Shades Darker,/movie/fifty-shades-darker
0,Book Club,/movie/book-club
0,Tomb Raider,/movie/tomb-raider
0,Lion,/movie/lion
0,Baywatch,/movie/baywatch
0,Kingsman: The Golden Circle,/movie/kingsman-the-golden-circle
0,Hostiles,/movie/hostiles
0,The Equalizer 2,/movie/the-equalizer-2
0,Jurassic World: Fallen Kingdom,/movie/jurassic-world-fallen-kingdom
0,Collateral Beauty,/movie/collateral-beauty
0,Pitch Perfect 3,/movie/pitch-perfect-3
0,Atomic Blonde,/movie/atomic-blonde
0,The Shack,/movie/the-shack
0,Solo: A Star Wars Story,/movie/solo-a-star-wars-story
0,Jumanji: Welcome to the Jungle,/movie/jumanji-welcome-to-the-jungle
0,Mission: Impossible – Fallout,/movie/mission-impossible-fallout
0,"Three Billboards Outside Ebbing, Missouri",/movie/three-billboards-outside-ebbing-missouri
0,Ant-Man and the Wasp,/movie/ant-man-and-the-wasp
0,Sully,/movie/sully
0,Ferdinand,/movie/ferdinand
0,Allied,/movie/allied
0,Fences,/movie/fences
0,The Favourite,/movie/the-favourite
0,First Man,/movie/first-man
0,Godzilla: King of the Monsters,/movie/godzilla-king-of-the-monsters
0,The Emoji Movie,/movie/the-emoji-movie
0,Bad Moms,/movie/bad-moms
0,Sherlock Gnomes,/movie/sherlock-gnomes
0,Hidden Figures,/movie/hidden-figures
0,Boo! A Madea Halloween,/movie/boo!-a-madea-halloween
0,Peter Rabbit,/movie/peter-rabbit
0,Office Christmas Party,/movie/office-christmas-party
0,"I, Tonya",/movie/i-tonya
0,A Dog's Purpose,/movie/a-dogs-purpose
0,The Meg,/movie/meg
0,Fast & Furious Presents: Hobbs & Shaw,/movie/fast-furious-presents-hobbs-shaw
0,Patriots Day,/movie/patriots-day
0,The Glass Castle,/movie/the-glass-castle
0,Annabelle: Creation,/movie/annabelle-creation
0,Deadpool 2,/movie/deadpool-2
0,Rough Night,/movie/rough-night
0,Long Shot,/movie/long-shot
0,The Shape of Water,/movie/the-shape-of-water
0,A Quiet Place,/movie/a-quiet-place
0,Logan Lucky,/movie/logan-lucky
0,The Commuter,/movie/the-commuter
0,The Hitman's Bodyguard,/movie/the-hitmans-bodyguard
0,Lady Bird,/movie/lady-bird
0,Molly's Game,/movie/mollys-game
0,Mary Poppins Returns,/movie/mary-poppins-returns
0,Phantom Thread,/movie/phantom-thread
0,Alita: Battle Angel,/movie/alita-battle-angel
0,Red Sparrow,/movie/red-sparrow
0,All Eyez on Me,/movie/all-eyez-on-me
0,Sicario: Day of the Soldado,/movie/sicario-2-soldado
0,Hotel Transylvania 3: Summer Vacation,/movie/hotel-transylvania-3
0,Ralph Breaks the Internet,/movie/ralph-breaks-the-internet
0,Wonder Park,/movie/amusement-park
0,47 Meters Down,/movie/47-meters-down
0,The Big Sick,/movie/the-big-sick
0,Darkest Hour,/movie/darkest-hour
0,Winchester,/movie/winchester
0,Girls Trip,/movie/girls-trip
0,Daddy's Home 2,/movie/daddys-home-2
0,The Secret Life of Pets 2,/movie/the-secret-life-of-pets-2
0,Insidious: The Last Key,/movie/insidious-the-last-key
0,American Assassin,/movie/american-assassin
0,Bumblebee,/movie/bumblebee
0,The Nutcracker and the Four Realms,/movie/the-nutcracker-and-the-four-realms
0,Spider-Man: Far from Home,/movie/spider-man-far-from-home
0,Escape Room,/movie/escape-room
0,Captive State,/movie/captive-state
0,Bohemian Rhapsody,/movie/bohemian-rhapsody
0,The Theory of Everything,/movie/the-theory-of-everything
0,A Bad Moms Christmas,/movie/a-bad-moms-christmas
0,Blockers,/movie/blockers
0,Slender Man,/movie/slender-man
0,White Boy Rick,/movie/white-boy-rick
0,Game Night,/movie/game-night
0,Fighting with My Family,/movie/fighting-with-my-family
0,12 Strong,/movie/12-strong
0,Cold Pursuit,/movie/cold-pursuit
0,Happy Death Day,/movie/happy-death-day
0,The First Purge,/movie/the-first-purge
0,The Nun,/movie/the-nun-2018
0,Den of Thieves,/movie/den-of-thieves
0,Tag,/movie/tag
0,Gemini Man,/movie/gemini-man
0,All the Money in the World,/movie/all-the-money-in-the-world
0,The Spy Who Dumped Me,/movie/the-spy-who-dumped-me
0,"Love, Simon",/movie/love-simon
0,Crazy Rich Asians,/movie/crazy-rich-asians
0,Goosebumps 2: Haunted Halloween,/movie/goosebumps-2-haunted-halloween
0,I Feel Pretty,/movie/i-feel-pretty
0,Uncle Drew,/movie/uncle-drew
0,Mamma Mia! Here We Go Again,/movie/mamma-mia!-here-we-go-again
0,The Post,/movie/the-papers
0,The Hate U Give,/movie/the-hate-u-give
0,Upside Down,/movie/upside-down
0,A Simple Favor,/movie/a-simple-favor
0,Creed II,/movie/creed-ii
0,John Wick: Chapter 3 - Parabellum,/movie/john-wick-3-parabellum
0,What Men Want,/movie/what-men-want
0,Green Book,/movie/green-book
0,Second Act,/movie/second-act
0,Instant Family,/movie/instant-family
0,Good Boys,/movie/good-boys
0,A Dog's Way Home,/movie/a-dogs-way-home
0,BlacKkKlansman,/movie/black-klansman
0,Rambo: Last Blood,/movie/rambo-5
0,The Angry Birds Movie 2,/movie/the-angry-birds-movie-2
0,Booksmart,/movie/booksmart
0,Stuber,/movie/stuber
0,Hereditary,/movie/hereditary
0,Happy Death Day 2U,/movie/happy-death-day-2u
0,Downton Abbey,/movie/downton-abbey
0,Midsommar,/movie/midsommar
0,Brightburn,/movie/brightburn
0,The Little Prince,/movie/the-little-prince